[
  {
    "id": "1706274000000abc123",
    "title": "Stavba zastávky a oprava vodovodu omezí dopravu na Dvorcích",
    "content": "<p><br><strong>Dopravní omezení na Podolském nábřeží ve směru od budovaného Dvoreckého mostu k Jeremenkově ulici potrvají i přes léto. Nejprve začnou silničáři budovat ve směru z centra novou zastávku autobusů MHD, a poté vodohospodáři opraví potrubí. Omezení jsou plánována od 21. června do 22. září 2025. Práce navážou na nyní opravovanou vozovku a budovanou zastávku ve směru do centra. Na podzim pak bude následovat oprava cyklostezky A2 kolem Žlutých lázní a dokončení křižovatky na Dvorecký most ve směru do Modřanské.<br></strong><br>„Na Podolském nábřeží na Dvorcích vznikne pohodlný přestup mezi tramvajemi a autobusy MHD. Kvůli tomu je nutné uzavřít část komunikace na Podolském nábřeží ve směru z centra. Dopravní opatření budou obdobná jako nyní, pouze v opačném směru. Ve směru do už zastávka vzniká,“ řekl radní pro dopravu Jaroslav Míth (ODS).<br><br>Kromě vybudování nové zastávky opraví Technická správa komunikací (TSK) v daném úseku také vozovku. Tyto práce potrvají do 20. července, kdy na ně navážou vodohospodáři s opravou vodovodního řadu mezi Žlutými lázněmi a křižovatkou Podolského nábřeží a Jeremenkovou.<br><br>Uzavřen bude jeden jízdní pruh ve směru z centra, kterým budou moci chodit pěší a jezdit cyklisté. Ve směru do centra pojedou řidiči až k Podolskému bazénu obousměrně v dnes uzavřené polovině vozovky.<br><br>Vybudování přestupní autobusové zastávky je součástí výstavby Dvoreckého mostu. Silničáři zároveň dělají novou světelnou křižovatku ve směru do centra a zároveň opravují chodníky, odvodnění, obmění a upraví dopravního značení a úprav se dočká také zeleň.</p>",
    "excerpt": "Dopravní omezení na Podolském nábřeží ve směru od budovaného Dvoreckého mostu k Jeremenkově ulici potrvají i přes léto. Nejprve začnou silničáři budov...",
    "category": "Doprava",
    "tags": [
      "praha4",
      "doprava",
      "udržitelnost",
      "2025"
    ],
    "published": true,
    "createdAt": "2025-01-26T09:00:00.000Z",
    "updatedAt": "2025-06-28T17:05:56.524Z",
    "imageUrl": "https://www.praha4.cz/image/_x700/MfG61/dvorcezast.jpg",
    "publishedAt": "2025-06-28T17:05:55.810Z"
  },
  {
    "id": "1706260400000def456",
    "title": "Rekonstrukce dětského hřiště U Kublova",
    "content": "<p>Dětské hřiště U Kublova v městské části Podolí prošlo v roce 2024 rozsáhlou rekonstrukcí. Dnes, v létě 2025, už slouží jako oblíbený cíl rodin s dětmi z okolí i širšího sousedství. Výsledkem úprav je hravý a bezpečný prostor, který reflektuje současné potřeby dětí všech věkových kategorií.</p><p>V rámci rekonstrukce byly instalovány nové herní prvky včetně trampolín, balančních překážek, lezeckých sestav i klidové zóny pro nejmenší. Design hřiště podporuje pohyb, kreativitu a sociální interakci mezi dětmi. Celkové uspořádání respektuje přirozené členění prostoru a kombinuje aktivní i odpočinkové zóny.</p><p>Obnova hřiště byla součástí širší snahy o zlepšení veřejných prostranství v městské části. Společně s úpravami v okolních parcích a sportovištích tak přispěla ke zvýšení kvality života v této části Prahy.</p><p>Hřiště U Kublova dnes představuje moderní komunitní prostor, kde se potkávají sousedé, děti a jejich rodiče – místo, které opět žije.</p>",
    "excerpt": "Hřiště U Kublova je po rekonstrukci hotové a čeká na vás! Trampolíny, lezecké sestavy a odpočinkové zóny v bezpečném, inspirativním prostředí. Přijďte si hrát!",
    "category": "Aktuality",
    "tags": [
      "dětské hřiště",
      "rekonstrukce",
      "park kublova",
      "děti",
      "investice"
    ],
    "published": true,
    "createdAt": "2025-01-25T15:20:00.000Z",
    "updatedAt": "2025-06-28T16:47:25.593Z",
    "imageUrl": "https://www.praha4.cz/image/x700_y400_o0_x700_y400/W9r51/IS0753CZ-03-RGB-color-0006.jpg"
  },
  {
    "id": "1706192400000ghi789",
    "title": "Zelené střechy - nová iniciativa pro udržitelnost",
    "content": "<h2>Praha 4 podporuje zelené střechy</h2><p>Spouštíme novou iniciativu na podporu zelených střech v naší městské části. Jde o projekt, který má přinést nejen estetické, ale především ekologické a klimatické benefity.</p><h3>Proč zelené střechy?</h3><p>Zelené střechy přinášejí řadu výhod:</p><ul><li><strong>Zlepšení kvality ovzduší</strong> - rostliny filtrují prach a škodliviny</li><li><strong>Regulace teploty</strong> - snížení efektu tepelného ostrova města</li><li><strong>Zadržování dešťové vody</strong> - prevence proti povodním</li><li><strong>Energetické úspory</strong> - lepší izolace budov</li><li><strong>Podpora biodiverzity</strong> - nové prostory pro rostliny a živočichy</li></ul><h3>Jak se zapojit?</h3><p>Městská část Praha 4 nabízí:</p><ol><li>Bezplatné poradenství při návrhu zelené střechy</li><li>Finanční příspěvky až do výše 50 % nákladů</li><li>Pomoc při vyřízení potřebných povolení</li><li>Technickou podporu při realizaci</li></ol><p>Zájemci se mohou hlásit na našem webu nebo osobně na úřadě městské části. První konzultace jsou již naplánované na únor 2025.</p><blockquote><p>\"Každá zelená střecha je krokem k udržitelnější budoucnosti našeho města. Jsem rád, že Praha 4 jde v této oblasti příkladem.\"</p></blockquote>",
    "excerpt": "Praha 4 spouští iniciativu na podporu zelených střech. Nabízíme poradenství, finanční příspěvky a technickou podporu pro všechny zájemce.",
    "category": "Životní prostředí",
    "tags": [
      "zelené střechy",
      "udržitelnost",
      "ekologie",
      "klimatické změny",
      "dotace"
    ],
    "published": true,
    "createdAt": "2025-01-24T11:40:00.000Z",
    "updatedAt": "2025-06-30T20:39:05.324Z"
  },
  {
    "id": "17510598031543hckjboa8",
    "title": "Test 1",
    "content": "Lorem ipsum dolor sit amet, consectetur adipiscing elit. Egestas iaculis vel erat orci velit felis facilisi netus himenaeos phasellus. Ac aliquam mi natoque felis ac quam nisl mus sodales blandit. Congue praesent cum justo nunc dictumst venenatis vestibulum vulputate urna lacus. Ad ad purus at vitae vivamus tempus sagittis mollis scelerisque taciti. Porta feugiat sapien lacinia duis fringilla ullamcorper vivamus sit nam litora. Molestie in ridiculus eu molestie metus dapibus nulla aptent penatibus bibendum.\n\nHimenaeos torquent ante eget per gravida litora ante etiam ac orci. Pharetra lectus lectus leo interdum aliquam pretium porta nunc mus donec. Ante dui eu vitae scelerisque enim est faucibus eget lectus odio. Pulvinar elit nunc ornare hendrerit sapien sodales adipiscing feugiat amet praesent. Potenti maecenas nisi bibendum quisque blandit diam orci euismod donec non. Class nisi pulvinar conubia sed scelerisque amet nisl ante imperdiet amet. Sit malesuada nisl sagittis congue eros leo posuere magna mollis mauris.\n\nEu mauris netus eleifend fringilla dictum eu morbi dui nostra nisl. Blandit arcu dapibus blandit potenti habitant pulvinar elit risus cras maecenas. Sed ipsum imperdiet elit ante dapibus sagittis donec mus primis nostra. Morbi eget diam condimentum id condimentum metus varius blandit dignissim curabitur. Magna lacinia est diam sodales sagittis per porta ligula ad elementum. Litora montes nascetur ornare rhoncus pharetra ac platea porttitor non accumsan. Dui etiam vivamus vestibulum lobortis porttitor habitasse risus consequat nisl turpis.\n\nTempor eget tellus quam metus habitasse malesuada et mollis sem dui. Pharetra magna adipiscing at enim accumsan quisque ipsum senectus vivamus dolor. Nisl lobortis sagittis tincidunt interdum ac tincidunt dignissim cubilia parturient turpis. Conubia sit feugiat inceptos curae orci est dui nam porta suspendisse. Porttitor feugiat suscipit curae sodales dolor cubilia torquent praesent sapien nisi. Ante hac gravida ullamcorper dignissim vitae sociosqu parturient proin proin consequat. Torquent netus tellus volutpat eros consectetur felis bibendum lacinia penatibus euismod.\n\nLacus habitant enim ornare erat et lorem tortor porta congue est. Gravida sapien eleifend ridiculus sapien arcu commodo phasellus feugiat condimentum phasellus. Justo amet nostra venenatis class lacus euismod quis purus aenean sagittis. Auctor lectus ultricies sociosqu quis vehicula est proin mollis senectus primis. Suscipit senectus sit felis pretium montes tempus pretium natoque ad phasellus. Congue dictum potenti donec arcu ligula mauris adipiscing posuere venenatis aliquam. Cubilia condimentum porta ac nostra suscipit torquent amet mattis etiam dictum.\n<img src=\"https://assets.tarkov.dev/5f5f41f56760b4138443b352-base-image.webp\" alt=\"Obrázek\" style=\"max-width: 100%; height: auto;\" />",
    "excerpt": "Lorem ipsum dolor sit amet, consectetur adipiscing elit. Egestas iaculis vel erat orci velit felis facilisi netus himenaeos phasellus. Ac aliquam mi n...",
    "category": "Životní prostředí",
    "tags": [],
    "published": true,
    "createdAt": "2025-06-27T21:30:03.154Z",
    "updatedAt": "2025-06-30T20:39:05.481Z",
    "imageUrl": "https://assets.tarkov.dev/5f5f41f56760b4138443b352-base-image.webp"
  }
]
